{
    "Precision@K": 0.2294717455606733,
    "Recall@K": 0.32304975853507845,
    "nDCG@K": 0.3552076776592265,
    "MAP@K": 0.24094416375438332,
    "MRR@K": 0.48775710659391935,
    "IntraListDiversity@K": 0.8645073001775573,
    "ThemeConcentration@K": 0.4996612027957335,
    "Novelty@K": 14.92871569191003
}