{
    "Precision@K": 0.22321483091327515,
    "Recall@K": 0.29982312161609254,
    "nDCG@K": 0.3199332287896898,
    "MAP@K": 0.21494308332540576,
    "MRR@K": 0.4191689632766988,
    "IntraListDiversity@K": 0.8475791532522523,
    "ThemeConcentration@K": 0.4398163529280449,
    "Novelty@K": 14.569981990314904
}