{
    "Precision@K": 0.2243960250421034,
    "Recall@K": 0.3192724620671907,
    "nDCG@K": 0.3170754082278987,
    "MAP@K": 0.20904495119544408,
    "MRR@K": 0.3873257415057997,
    "IntraListDiversity@K": 0.8187964950959116,
    "ThemeConcentration@K": 0.4333332239023526,
    "Novelty@K": 14.327600030926682
}