{
    "Precision@K": 0.3961126960312798,
    "Recall@K": 0.5726908110957746,
    "nDCG@K": 0.6776490399389942,
    "MAP@K": 0.5860645982550887,
    "MRR@K": 0.7958669330937532,
    "IntraListDiversity@K": 0.8010778247478323,
    "ThemeConcentration@K": 0.3994872081074959,
    "Novelty@K": 12.38462920644978
}