{
    "Precision@K": 0.4458026243651656,
    "Recall@K": 0.6647057297007513,
    "nDCG@K": 0.7451624136276042,
    "MAP@K": 0.6569179273380309,
    "MRR@K": 0.8163909523074777,
    "IntraListDiversity@K": 0.7278534064962151,
    "ThemeConcentration@K": 0.4388743528546619,
    "Novelty@K": 10.791717914569169
}