{
    "Precision@K": 0.08879966645546554,
    "Recall@K": 0.09136953800579697,
    "nDCG@K": 0.10826832794185413,
    "MAP@K": 0.052828789302457484,
    "MRR@K": 0.1804903961341601,
    "IntraListDiversity@K": 0.9472558387012093,
    "ThemeConcentration@K": 0.490105283200977,
    "Novelty@K": 16.26694917344957
}