{
    "Precision@K": 0.42087607966986973,
    "Recall@K": 0.35859924937274695,
    "nDCG@K": 0.5584865016800349,
    "MAP@K": 0.4777665547556177,
    "MRR@K": 0.6947949324867781,
    "IntraListDiversity@K": 0.7865713307091872,
    "ThemeConcentration@K": 0.476480185944512,
    "Novelty@K": 12.381710019522302
}