{
    "Precision@K": 0.27835801541002025,
    "Recall@K": 0.5583922187415724,
    "nDCG@K": 0.5653533643696965,
    "MAP@K": 0.43703248939708095,
    "MRR@K": 0.7047888190192045,
    "IntraListDiversity@K": 0.8373657261521625,
    "ThemeConcentration@K": 0.37916462852134053,
    "Novelty@K": 13.843864258339929
}