{
    "Precision@K": 0.32773245526202616,
    "Recall@K": 0.4783775268671084,
    "nDCG@K": 0.5555436493807733,
    "MAP@K": 0.4441386144463194,
    "MRR@K": 0.7024054791703763,
    "IntraListDiversity@K": 0.8199184255511262,
    "ThemeConcentration@K": 0.4056059118798976,
    "Novelty@K": 13.326561547767042
}